League,Start Time,Game,Pick Desc,Type,Period,Odds,Odds/Spread/Total,Result,Units Wagered,Units Net,Money Wagered,Money Net,
epl,2024-12-01T13:30:00.000Z,FUL @ TOT,FUL @ TOT: u3.5 -130,under,game,-130,3.5,win,1.3,1,13,10,
ligue1,2024-12-01T14:00:00.000Z,LIL @ MHS,LIL @ MHS: o2.5 -120,over,game,-120,2.5,win,1.8,1.5,18,15,
nfl,2024-12-01T18:00:00.000Z,SEA @ NYJ,,custom,game,-113,57.5,win,1.5,1.3274,15,13.2743,
nfl,2024-12-01T18:00:00.000Z,HOU @ JAC,,custom,game,-113,85.5,win,1.5,1.3274,15,13.2743,
nfl,2024-12-02T01:20:00.000Z,SF @ BUF,,custom,game,-113,63.5,loss,2,-2,20,-20,
seriea,2024-12-02T19:45:00.000Z,ATA @ ROM,ATA @ ROM: o2.5 -120,over,game,-120,2.5,loss,1.2,-1.2,12,-12,
laliga,2024-12-02T20:00:00.000Z,OSA @ SEV,OSA @ SEV: o2.25 -115,over,game,-115,2.25,loss,0.55,-0.55,5.5,-5.5,
laliga,2024-12-03T18:00:00.000Z,BAR @ MAL,(Live) BAR -176,ml_away,game,-176,-176,win,2,1.1364,20,11.3636,
nba,2024-12-04T00:00:00.000Z,MIL @ DET,,custom,game,-105,15.5,loss,1,-1,10,-10,
nba,2024-12-04T00:30:00.000Z,ORL @ NYK,,custom,game,-110,11.5,loss,1,-1,10,-10,
ncaab,2024-12-04T02:00:00.000Z,MISS @ LOU,MISS +4.5 -146,spread_away,game,-146,4.5,win,2.92,2,29.2,20,
ncaab,2024-12-04T23:30:00.000Z,BAY @ CONN,CONN -160,ml_home,game,-160,-160,win,3.2,2,32,20,
ncaab,2024-12-05T00:15:00.000Z,ALA @ UNC,ALA +105,ml_away,game,105,105,win,1,1.05,10,10.5,
ncaab,2024-12-05T01:30:00.000Z,KU @ CREI,KU -4 -110,spread_away,game,-110,-4,loss,1.1,-1.1,11,-11,
ncaab,2024-12-05T02:15:00.000Z,AUB @ DUKE,AUB +3.5 -110,spread_away,game,-110,3.5,loss,1.1,-1.1,11,-11,
epl,2024-12-05T20:15:00.000Z,TOT @ BOU,TOT PK -120,spread_away,game,-120,0,loss,1.2,-1.2,12,-12,
epl,2024-12-05T20:15:00.000Z,TOT @ BOU,,custom,game,-130,1.5,loss,1.95,-1.95,19.5,-19.5,
ncaab,2024-12-05T23:30:00.000Z,PUR @ PSU,PUR +1.5 -110,spread_away,game,-110,1.5,loss,1.5,-1.5,15,-15,
nfl,2024-12-06T01:15:00.000Z,GB @ DET,,custom,game,-121,68.5,loss,1,-1,10,-10,
nfl,2024-12-06T01:15:00.000Z,GB @ DET,DET -3 -125,spread_home,game,-125,-3,push,1.875,0,18.75,0,
nfl,2024-12-06T01:15:00.000Z,GB @ DET,,custom,game,-114,14.5,win,1.5,1.3158,15,13.1579,
nfl,2024-12-06T01:15:00.000Z,GB @ DET,,custom,game,1700,244,loss,1.5,-1.5,15,-15,
nfl,2024-12-06T01:15:00.000Z,GB @ DET,,custom,game,-112,17.5,win,0.8,0.7143,8,7.1429,
nfl,2024-12-06T01:15:00.000Z,GB @ DET,,custom,game,-118,14.5,loss,1,-1,10,-10,
nba,2024-12-06T03:00:00.000Z,HOU @ GSW,,custom,game,-124,5.5,loss,1,-1,10,-10,
ligue1,2024-12-06T18:00:00.000Z,STB @ LIL,STB @ LIL: o2.5 -105,over,game,-105,2.5,win,1.05,1,10.5,10,
ncaaf,2024-12-07T01:00:00.000Z,TULN @ ARMY,TULN +300,ml_away,game,300,300,loss,1.5,-1.5,15,-15,
ncaaf,2024-12-07T01:00:00.000Z,UNLV @ BOISE,,custom,game,-114,171.5,loss,1,-1,10,-10,
bundesliga,2024-12-07T14:30:00.000Z,FCH @ BMU,FCH @ BMU: o3.5 -135,over,game,-135,3.5,win,1.35,1,13.5,10,
epl,2024-12-07T15:00:00.000Z,SOU @ AVL,SOU @ AVL: o3.5 +115,over,game,115,3.5,loss,1,-1,10,-10,
ncaaf,2024-12-07T21:00:00.000Z,UGA @ TEX,(Live) UGA +125,ml_away,game,125,125,win,1.5,1.875,15,18.75,
ncaaf,2024-12-07T21:00:00.000Z,UGA @ TEX,UGA +135,ml_away,game,135,135,win,3.5,4.725,35,47.25,
ncaaf,2024-12-08T01:00:00.000Z,CLEM @ SMU,(Live) CLEM @ SMU: u68.5 +200,under,game,200,68.5,win,1.5,3,15,30,
ncaaf,2024-12-08T01:00:00.000Z,CLEM @ SMU,CLEM +2.5 -110,spread_away,game,-110,2.5,win,4.28,3.8909,42.8,38.9091,
ncaaf,2024-12-08T01:00:00.000Z,PSU @ ORE,ORE +200,ml_home,game,200,200,win,1.2,2.4,12,24,
ncaab,2024-12-08T01:00:00.000Z,CSF @ UCRV,UCRV -8 -158,spread_home,game,-158,-8,loss,3,-3,30,-30,
ncaab,2024-12-08T03:00:00.000Z,UK @ GONZ,,custom,game,-210,0.5,win,3,1.4286,30,14.2857,
ncaab,2024-12-08T03:00:00.000Z,UK @ GONZ,,custom,game,-127,11.5,loss,1.4,-1.4,14,-14,
nfl,2024-12-08T18:00:00.000Z,ATL @ MIN,,custom,game,-106,-112,win,2,1.8868,20,18.8679,
nfl,2024-12-08T18:00:00.000Z,LV @ TB,,custom,game,-115,42.5,loss,1,-1,10,-10,
ncaab,2024-12-08T18:00:00.000Z,KU @ MIZZ,KU -5.5 -122,spread_away,game,-122,-5.5,loss,4.25,-4.25,42.5,-42.5,
nfl,2024-12-08T18:00:00.000Z,CLE @ PIT,,custom,game,-113,36.5,win,10,8.8496,100,88.4956,
nfl,2024-12-08T21:05:00.000Z,SEA @ ARI,,custom,game,-150,2.5,win,1,0.6667,10,6.6667,
nfl,2024-12-08T21:05:00.000Z,SEA @ ARI,,custom,game,-120,2.5,win,1,0.8333,10,8.3333,
nfl,2024-12-08T21:05:00.000Z,SEA @ ARI,,custom,game,2800,2800,loss,1,-1,10,-10,
nfl,2024-12-08T21:25:00.000Z,CHI @ SF,,custom,game,170,167,loss,2,-2,20,-20,
ncaab,2024-12-08T23:00:00.000Z,UCLA @ ORE,(Live) ORE +3.5 -110,spread_home,game,-110,3.5,win,1.5,1.3636,15,13.6364,
nfl,2024-12-10T01:15:00.000Z,CIN @ DAL,,custom,game,-120,55.5,win,0.8,0.6667,8,6.6667,
nfl,2024-12-10T01:15:00.000Z,CIN @ DAL,,custom,game,105,14.5,loss,0.8,-0.8,8,-8,
nfl,2024-12-10T01:15:00.000Z,CIN @ DAL,,custom,game,-135,31.5,loss,0.8,-0.8,8,-8,
nfl,2024-12-10T01:15:00.000Z,CIN @ DAL,,custom,game,-112,25.5,win,1,0.8929,10,8.9286,
nfl,2024-12-10T01:15:00.000Z,CIN @ DAL,,custom,game,-143,0.5,loss,2,-2,20,-20,
nfl,2024-12-10T01:15:00.000Z,CIN @ DAL,,custom,game,-114,69.5,win,1.14,1,11.4,10,
nfl,2024-12-10T01:15:00.000Z,CIN @ DAL,,custom,game,125,8.5,win,0.8,1,8,10,
nfl,2024-12-10T01:15:00.000Z,CIN @ DAL,,custom,game,-115,17.5,loss,0.05,-0.05,0.5,-0.5,
nfl,2024-12-10T01:15:00.000Z,CIN @ DAL,,custom,game,-120,26.5,win,1,0.8333,10,8.3333,
champions,2024-12-10T20:00:00.000Z,SPO @ BRU,SPO +200,ml_away,game,200,200,loss,1.25,-1.25,12.5,-12.5,
champions,2024-12-10T20:00:00.000Z,INT @ LEV,INT +0.25 -110,spread_away,game,-110,0.25,loss,1.15,-1.15,11.5,-11.5,
champions,2024-12-10T20:00:00.000Z,PSG @ RBS,,custom,game,100,2.5,win,2,2,20,20,
europa,2024-12-11T15:30:00.000Z,ATH @ FEN,ATH +227,ml_away,game,227,227,win,1,2.27,10,22.7,
champions,2024-12-11T20:00:00.000Z,SPA @ FEY,SPA @ FEY: o3 -115,over,game,-115,3,win,1.15,1,11.5,10,
champions,2024-12-11T20:00:00.000Z,YB @ VFB,VFB -1.5 -120,spread_home,game,-120,-1.5,win,1.2,1,12,10,
champions,2024-12-11T20:00:00.000Z,CRZ @ ACM,,custom,game,100,2.5,loss,3,-3,30,-30,
europa,2024-12-12T17:45:00.000Z,FCSB @ TSG,TSG -173,ml_home,game,-173,-173,loss,1.2,-1.2,12,-12,
europa,2024-12-12T20:00:00.000Z,TOT @ RFC,TOT -0.25 -130,spread_away,game,-130,-0.25,loss,2,-2,20,-20,
europa,2024-12-12T20:00:00.000Z,RSC @ SLA,RSC +1 -130,spread_away,game,-130,1,win,1.95,1.5,19.5,15,
europa,2024-12-12T20:00:00.000Z,DYK @ RSO,DYK @ RSO: o2.75 -105,over,game,-105,2.75,win,1.05,1,10.5,10,
nfl,2024-12-13T01:15:00.000Z,LA @ SF,,custom,game,-112,56.5,win,0.896,0.8,8.96,8,
laliga,2024-12-14T13:00:00.000Z,OSA @ ESP,OSA PK -110,spread_away,game,-110,0,push,1.1,0,11,0,
bundesliga,2024-12-14T14:30:00.000Z,BOC @ UNI,UNI -1 -105,spread_home,game,-105,-1,loss,1.05,-1.05,10.5,-10.5,
bundesliga,2024-12-14T14:30:00.000Z,BMU @ M05,BMU o2.5 +155,away_over,game,155,2.5,loss,1.2,-1.2,12,-12,
epl,2024-12-14T15:00:00.000Z,EVE @ ARS,,custom,game,115,2.5,loss,1.2,-1.2,12,-12,
epl,2024-12-14T15:00:00.000Z,LEI @ NEW,LEI @ NEW: o3.25 -130,over,game,-130,3.25,win,1.3,1,13,10,
laliga,2024-12-14T20:00:00.000Z,RMA @ RVC,RMA @ RVC: o2.5 -125,over,game,-125,2.5,win,1.875,1.5,18.75,15,
laliga,2024-12-14T20:00:00.000Z,RMA @ RVC,RMA -1 -110,spread_away,game,-110,-1,loss,1.1,-1.1,11,-11,
laliga,2024-12-14T20:00:00.000Z,RMA @ RVC,RMA o1.5 -145,away_over,game,-145,1.5,win,2.175,1.5,21.75,15,
ncaaf,2024-12-14T20:00:00.000Z,UCD @ SDAK,UCD +6.5 -122,spread_away,game,-122,6.5,loss,1.83,-1.83,18.3,-18.3,
ncaab,2024-12-14T20:00:00.000Z,UCLA @ ARIZ,(Live) UCLA +8.5 -115,spread_away,game,-115,8.5,win,1,0.8696,10,8.6957,
ncaab,2024-12-15T01:00:00.000Z,GONZ @ CONN,(Live) GONZ +126,ml_away,game,126,126,loss,1.2,-1.2,12,-12,
ncaab,2024-12-15T01:00:00.000Z,GONZ @ CONN,,custom,game,-150,0.5,win,8,5.3333,80,53.3333,
ncaab,2024-12-15T01:00:00.000Z,GONZ @ CONN,GONZ -2.5 -110,spread_away,game,-110,-2.5,loss,1.1,-1.1,11,-11,
ncaab,2024-12-15T01:00:00.000Z,GONZ @ CONN,,custom,game,-118,8.5,loss,18,-18,180,-180,
ncaab,2024-12-15T01:00:00.000Z,GONZ @ CONN,,custom,game,122,1.5,win,2,2.44,20,24.4,
ncaab,2024-12-15T01:00:00.000Z,GONZ @ CONN,,custom,game,-118,77.5,loss,1.5,-1.5,15,-15,
laliga,2024-12-15T13:00:00.000Z,GET @ ATM,GET @ ATM: o2.25 -105,over,game,-105,2.25,loss,2.1,-2.1,21,-21,
seriea,2024-12-15T14:00:00.000Z,FIO @ BFC,FIO @ BFC: o2.25 -115,over,game,-115,2.25,loss,1.725,-1.725,17.25,-17.25,
ligue1,2024-12-15T14:00:00.000Z,NIC @ MHS,NIC -0.25 -105,spread_away,game,-105,-0.25,loss,0.525,-0.525,5.25,-5.25,
laliga,2024-12-15T15:15:00.000Z,ATH @ ALA,ATH @ ALA: o2 -125,over,game,-125,2,push,3.125,0,31.25,0,
laliga,2024-12-15T15:15:00.000Z,ATH @ ALA,,custom,game,170,1.5,loss,1.5,-1.5,15,-15,
ligue1,2024-12-15T16:00:00.000Z,FCN @ STB,,custom,game,160,1.5,win,1,1.6,10,16,
ligue1,2024-12-15T16:00:00.000Z,FCN @ STB,FCN @ STB: o2.25 +100,over,game,100,2.25,win,1.5,1.5,15,15,
nfl,2024-12-15T18:00:00.000Z,MIA @ HOU,,custom,game,-129,24.5,win,1.5,1.1628,15,11.6279,
nfl,2024-12-15T18:00:00.000Z,WAS @ NO,,custom,game,-102,1.5,loss,1.5,-1.5,15,-15,
nfl,2024-12-15T18:00:00.000Z,MIA @ HOU,,custom,game,105,105,loss,3.1,-3.1,31,-31,
nfl,2024-12-15T18:00:00.000Z,DAL @ CAR,DAL +106,ml_away,game,106,106,win,20,21.2,200,212,
epl,2024-12-15T19:00:00.000Z,BRE @ CHE,(Live) BRE @ CHE: u3.5 +100,under,game,100,3.5,win,1,1,10,10,
epl,2024-12-15T19:00:00.000Z,TOT @ SOU,TOT @ SOU: o3.75 -115,over,game,-115,3.75,win,1.15,1,11.5,10,
epl,2024-12-15T19:00:00.000Z,TOT @ SOU,,custom,game,125,2.5,win,1.5,1.875,15,18.75,
seriea,2024-12-15T19:45:00.000Z,GEN @ ACM,GEN @ ACM: o2.5 -130,over,game,-130,2.5,loss,1.95,-1.95,19.5,-19.5,
nfl,2024-12-15T21:25:00.000Z,IND @ DEN,,custom,game,-130,5.5,loss,1.5,-1.5,15,-15,
nfl,2024-12-15T21:25:00.000Z,NE @ ARI,,custom,game,125,2.5,win,1,1.25,10,12.5,
nfl,2024-12-15T21:25:00.000Z,PIT @ PHI,,custom,game,-110,14.5,loss,1.5,-1.5,15,-15,
nfl,2024-12-15T21:25:00.000Z,PIT @ PHI,PIT +5.5 -130,spread_away,game,-130,5.5,loss,1.56,-1.56,15.6,-15.6,
nfl,2024-12-15T21:25:00.000Z,BUF @ DET,,custom,game,-120,14.5,win,1.2,1,12,10,
nfl,2024-12-16T01:20:00.000Z,GB @ SEA,,custom,game,-115,74.5,win,1.5,1.3043,15,13.0435,
nfl,2024-12-16T01:20:00.000Z,GB @ SEA,,custom,game,-134,2.5,win,2,1.4925,20,14.9254,
nfl,2024-12-16T01:20:00.000Z,GB @ SEA,,custom,game,-121,34.5,win,1.2,0.9917,12,9.9174,
nfl,2024-12-17T01:00:00.000Z,CHI @ MIN,,custom,game,-110,65.5,win,1.5,1.3636,15,13.6364,
ncaab,2024-12-18T00:00:00.000Z,JMU @ WAKE,(Live) WAKE -3.5 -107,spread_home,game,-107,-3.5,win,1.446,1.3514,14.46,13.514,
ncaab,2024-12-18T00:00:00.000Z,GMU @ DUKE,,custom,game,-110,70,loss,1,-1,10,-10,
ncaab,2024-12-18T00:00:00.000Z,CLEM @ SCAR,(Live) CLEM +7.5 -123,spread_away,game,-123,7.5,win,1,0.813,10,8.1301,
ncaab,2024-12-18T00:00:00.000Z,UNC @ FLA,UNC +3.5 -110,spread_away,game,-110,3.5,loss,1.65,-1.65,16.5,-16.5,
ncaab,2024-12-18T00:30:00.000Z,JVST @ MIZZ,(Live) MIZZ -5.5 -114,spread_home,game,-114,-5.5,win,1,0.8772,10,8.7719,
ncaab,2024-12-18T01:00:00.000Z,DRKE @ KSU,(Live) KSU +6.5 -131,spread_home,game,-131,6.5,win,1,0.7634,10,7.6336,
laliga,2024-12-18T20:30:00.000Z,RVC @ VIL,,custom,game,-120,1.5,loss,1.44,-1.44,14.4,-14.4,
ncaab,2024-12-19T01:00:00.000Z,SF @ BRAD,BRAD -1.5 -110,spread_home,game,-110,-1.5,win,1.65,1.5,16.5,15,
ncaab,2024-12-19T02:00:00.000Z,NICH @ GONZ,(1H) GONZ -21.5 -110,spread_home,firsthalf,-110,-21.5,loss,1.65,-1.65,16.5,-16.5,
ncaab,2024-12-19T02:00:00.000Z,NICH @ GONZ,(Live) GONZ -22.5 -112,spread_home,game,-112,-22.5,win,1,0.8929,10,8.9286,
ncaab,2024-12-19T02:00:00.000Z,ALA @ UND,(Live) ALA -10.5 -111,spread_away,game,-111,-10.5,loss,1.665,-1.665,16.65,-16.65,
ncaab,2024-12-19T02:00:00.000Z,NICH @ GONZ,,custom,game,-110,96.5,loss,1.8,-1.8,18,-18,
ncaab,2024-12-19T02:00:00.000Z,NICH @ GONZ,GONZ -36 -115,spread_home,game,-115,-36,loss,1.725,-1.725,17.25,-17.25,
nba,2024-12-20T00:30:00.000Z,BKN @ TOR,,custom,game,-143,7.5,loss,1,-1,10,-10,
nfl,2024-12-20T01:15:00.000Z,DEN @ LAC,,custom,game,-130,21.5,loss,1.95,-1.95,19.5,-19.5,
nfl,2024-12-20T01:15:00.000Z,DEN @ LAC,,custom,game,-120,43.5,loss,1.8,-1.8,18,-18,
nfl,2024-12-20T01:15:00.000Z,DEN @ LAC,(Live) LAC +143,ml_home,game,143,143,win,1.399,2.0006,13.99,20.0057,
ncaaf,2024-12-20T17:00:00.000Z,OHIO @ JVST,,custom,game,-114,64.5,win,1.75,1.5351,17.5,15.3509,
ncaaf,2024-12-20T20:30:00.000Z,TULN @ FLA,FLA -10 -110,spread_home,game,-110,-10,win,3.3,3,33,30,
ncaaf,2024-12-20T20:30:00.000Z,TULN @ FLA,,custom,game,-135,30.5,win,1.35,1,13.5,10,
nba,2024-12-21T00:00:00.000Z,CHA @ PHI,,custom,game,-115,12.5,loss,1.2,-1.2,12,-12,
nba,2024-12-21T00:30:00.000Z,MIL @ CLE,,custom,game,-105,12.5,loss,1.2,-1.2,12,-12,
ncaaf,2024-12-21T01:00:00.000Z,IU @ ND,IU +230,ml_away,game,230,230,loss,2.4,-2.4,24,-24,
nba,2024-12-21T01:00:00.000Z,OKC @ MIA,,custom,game,-105,29.5,win,1.2,1.1429,12,11.4286,
epl,2024-12-21T15:00:00.000Z,NFO @ BRE,NFO @ BRE: o2.75 -115,over,game,-115,2.75,loss,1.725,-1.725,17.25,-17.25,
seriea,2024-12-21T17:00:00.000Z,NAP @ GEN,NAP -0.75 -120,spread_away,game,-120,-0.75,win,1.2,1,12,10,
ncaaf,2024-12-21T17:00:00.000Z,SMU @ PSU,(Live) SMU +17.5 -111,spread_away,game,-111,17.5,loss,1,-1,10,-10,
ncaaf,2024-12-21T17:00:00.000Z,SDKSU @ NDSU,SDKSU -3 -115,spread_away,game,-115,-3,loss,2.3,-2.3,23,-23,
ncaab,2024-12-21T17:00:00.000Z,PRIN @ RUTG,(Live) RUTG +1 -112,spread_home,game,-112,1,push,1.4,0,14,0,
ncaab,2024-12-21T17:00:00.000Z,PRIN @ RUTG,(Live) RUTG +179,ml_home,game,179,179,loss,1,-1,10,-10,
laliga,2024-12-21T17:30:00.000Z,ATH @ OSA,ATH @ OSA: o2 -130,over,game,-130,2,win,3.25,2.5,32.5,25,
ncaab,2024-12-21T21:00:00.000Z,ASU @ MASS,(Live) ASU -2.5 -103,spread_away,game,-103,-2.5,win,1,0.9709,10,9.7087,
ncaaf,2024-12-21T21:00:00.000Z,CLEM @ TEX,CLEM @ TEX: o50.5 -110,over,game,-110,50.5,win,1.65,1.5,16.5,15,
ncaaf,2024-12-22T01:00:00.000Z,TENN @ OSU,OSU -6.8 -150,spread_home,game,-150,-6.8,win,1.5,1,15,10,
nba,2024-12-22T01:30:00.000Z,POR @ SAS,,custom,game,-105,16.5,win,1,0.9524,10,9.5238,
nba,2024-12-22T01:30:00.000Z,LAC @ DAL,,custom,game,101,22.5,loss,1,-1,10,-10,
nba,2024-12-22T02:00:00.000Z,DET @ PHX,,custom,game,-121,18.5,win,1,0.8264,10,8.2645,
laliga,2024-12-22T13:00:00.000Z,ALA @ VCF,ALA @ VCF: o2 -110,over,game,-110,2,win,2.2,2,22,20,
bundesliga,2024-12-22T14:30:00.000Z,FCH @ BOC,FCH +250,ml_away,game,250,250,loss,2.3,-2.3,23,-23,
nfl,2024-12-22T18:00:00.000Z,NYG @ ATL,,custom,game,-107,19.5,win,1.5,1.4019,15,14.0187,
nfl,2024-12-22T18:00:00.000Z,PHI @ WAS,(Live) WAS +13.5 -110,spread_home,game,-110,13.5,win,1,0.9091,10,9.0909,
nfl,2024-12-22T18:00:00.000Z,TEN @ IND,,custom,game,-112,48.5,win,1,0.8929,10,8.9286,
nfl,2024-12-22T18:00:00.000Z,LA @ NYJ,,custom,game,-114,51.5,win,1,0.8772,10,8.7719,
nfl,2024-12-22T18:00:00.000Z,ARI @ CAR,(Live) ARI +8.5 -120,spread_away,game,-120,8.5,win,1,0.8333,10,8.3333,
nfl,2024-12-22T18:00:00.000Z,DET @ CHI,,custom,game,-110,38.5,loss,1,-1,10,-10,
nfl,2024-12-22T18:00:00.000Z,ARI @ CAR,ARI -4.5 -105,spread_away,game,-105,-4.5,loss,2,-2,20,-20,
nfl,2024-12-22T18:00:00.000Z,DET @ CHI,,custom,game,-115,37.5,win,1,0.8696,10,8.6957,
nfl,2024-12-22T18:00:00.000Z,PHI @ WAS,,custom,game,-120,56.5,win,1,0.8333,10,8.3333,
nfl,2024-12-22T18:00:00.000Z,CLE @ CIN,,custom,game,-112,60.5,loss,1.5,-1.5,15,-15,
nfl,2024-12-22T18:00:00.000Z,CLE @ CIN,,custom,game,-110,6.5,push,1.5,0,15,0,
nfl,2024-12-22T21:05:00.000Z,MIN @ SEA,,custom,game,-117,82.5,win,1,0.8547,10,8.547,
nfl,2024-12-22T21:05:00.000Z,MIN @ SEA,,custom,game,-115,67.5,win,1,0.8696,10,8.6957,
nfl,2024-12-22T21:05:00.000Z,MIN @ SEA,,custom,game,-165,2.5,win,1.5,0.9091,15,9.0909,
nfl,2024-12-22T21:05:00.000Z,MIN @ SEA,,custom,game,-105,34.5,loss,1,-1,10,-10,
nfl,2024-12-22T21:25:00.000Z,NE @ BUF,,custom,game,-115,28.5,loss,1,-1,10,-10,
nba,2024-12-22T23:00:00.000Z,IND @ SAC,SAC -150,ml_home,game,-150,-150,loss,1.8,-1.8,18,-18,
nba,2024-12-22T23:00:00.000Z,HOU @ TOR,,custom,game,-120,14.5,win,1,0.8333,10,8.3333,
nba,2024-12-23T00:00:00.000Z,DEN @ NOP,,custom,game,-114,18.5,loss,1,-1,10,-10,
nfl,2024-12-23T01:20:00.000Z,TB @ DAL,TB @ DAL: o48 -110,over,game,-110,48,win,2.2,2,22,20,
nfl,2024-12-23T01:20:00.000Z,TB @ DAL,,custom,game,147,132,loss,1.224,-1.224,12.24,-12.24,
nfl,2024-12-23T01:20:00.000Z,TB @ DAL,,custom,game,-110,17.5,loss,1,-1,10,-10,
nfl,2024-12-23T01:20:00.000Z,TB @ DAL,,custom,game,-114,2.5,win,1,0.8772,10,8.7719,
nfl,2024-12-23T01:20:00.000Z,TB @ DAL,,custom,game,-115,65.5,win,1,0.8696,10,8.6957,
nfl,2024-12-23T01:20:00.000Z,TB @ DAL,,custom,game,100,100,win,2.2,2.2,22,22,
ncaaf,2024-12-23T16:00:00.000Z,CC @ UTSA,UTSA -8.5 -110,spread_home,game,-110,-8.5,win,1.65,1.5,16.5,15,
seriea,2024-12-23T19:45:00.000Z,COM @ INT,INT -1.5 -150,spread_home,game,-150,-1.5,win,1.5,1,15,10,
seriea,2024-12-23T19:45:00.000Z,COM @ INT,,custom,game,-115,2.5,loss,1.15,-1.15,11.5,-11.5,
seriea,2024-12-23T19:45:00.000Z,COM @ INT,COM @ INT: o3.25 -110,over,game,-110,3.25,loss,1.1,-1.1,11,-11,
ncaab,2024-12-24T00:00:00.000Z,MTU @ TENN,(Live) TENN -10.5 -110,spread_home,game,-110,-10.5,win,1.8,1.6364,18,16.3636,
nba,2024-12-24T00:00:00.000Z,SAS @ PHI,,custom,game,-130,2.5,loss,1,-1,10,-10,
nba,2024-12-24T01:00:00.000Z,LAC @ MEM,,custom,game,-109,21.5,win,1.1,1.0092,11,10.0917,
ncaab,2024-12-24T01:00:00.000Z,CSB @ NDSU,NDSU -9 -110,spread_home,game,-110,-9,win,3.3,3,33,30,
nfl,2024-12-24T01:15:00.000Z,NO @ GB,,custom,game,-112,32.5,push,1,0,10,0,
nfl,2024-12-24T01:15:00.000Z,NO @ GB,,custom,game,-150,29.5,win,1,0.6667,10,6.6667,
nfl,2024-12-24T01:15:00.000Z,NO @ GB,,custom,game,-122,15.5,win,1,0.8197,10,8.1967,
nba,2024-12-24T03:00:00.000Z,IND @ GSW,,custom,game,-137,16.5,loss,1.5,-1.5,15,-15,
ncaab,2024-12-24T03:00:00.000Z,SEA @ WASH,(Live) WASH +9.5 -125,spread_home,game,-125,9.5,win,1,0.8,10,8,
nba,2024-12-24T03:00:00.000Z,PHX @ DEN,,custom,game,-115,22.5,win,1,0.8696,10,8.6957,
ncaaf,2024-12-25T01:00:00.000Z,USF @ SJSU,USF @ SJSU: u65 -120,under,game,-120,65,loss,1.8,-1.8,18,-18,
ncaaf,2024-12-25T01:00:00.000Z,USF @ SJSU,USF -101,ml_away,game,-101,-101,win,1.01,1,10.1,10,
ncaaf,2024-12-25T01:00:00.000Z,USF @ SJSU,(Live) USF +110,ml_away,game,110,110,win,0.5,0.55,5,5.5,
nba,2024-12-25T17:00:00.000Z,SAS @ NYK,,custom,game,-105,2.5,win,1,0.9524,10,9.5238,
nba,2024-12-25T17:00:00.000Z,SAS @ NYK,NYK -9 -110,spread_home,game,-110,-9,loss,1.65,-1.65,16.5,-16.5,
nfl,2024-12-25T18:00:00.000Z,KC @ PIT,,custom,game,850,-110,loss,0.5,-0.5,5,-5,
nfl,2024-12-25T18:00:00.000Z,KC @ PIT,,custom,game,100,6.5,win,1,1,10,10,
nfl,2024-12-25T18:00:00.000Z,KC @ PIT,,custom,game,-114,7.5,loss,1,-1,10,-10,
nfl,2024-12-25T18:00:00.000Z,KC @ PIT,,custom,game,-120,35.5,loss,1,-1,10,-10,
nba,2024-12-25T19:30:00.000Z,MIN @ DAL,DAL -2.5 -107,spread_home,game,-107,-2.5,loss,1.605,-1.605,16.05,-16.05,
nfl,2024-12-25T21:30:00.000Z,BAL @ HOU,,custom,game,-114,56.5,loss,1,-1,10,-10,
nfl,2024-12-25T21:30:00.000Z,BAL @ HOU,BAL @ HOU: u47 -110,under,game,-110,47,win,1.1,1,11,10,
nfl,2024-12-25T21:30:00.000Z,BAL @ HOU,,custom,game,160,135,loss,0.8,-0.8,8,-8,
nfl,2024-12-25T21:30:00.000Z,BAL @ HOU,BAL -5 -140,spread_away,game,-140,-5,win,2.1,1.5,21,15,
nfl,2024-12-25T21:30:00.000Z,BAL @ HOU,,custom,game,-120,76.5,loss,1,-1,10,-10,
nfl,2024-12-25T21:30:00.000Z,BAL @ HOU,BAL -6 -110,spread_away,game,-110,-6,win,1.1,1,11,10,
nba,2024-12-25T22:00:00.000Z,PHI @ BOS,,custom,game,-110,14.5,loss,1.5,-1.5,15,-15,
ncaab,2024-12-25T23:30:00.000Z,OAK @ HAW,HAW -3.5 -138,spread_home,game,-138,-3.5,loss,1.38,-1.38,13.8,-13.8,
nba,2024-12-26T01:00:00.000Z,LAL @ GSW,,custom,game,-115,11.5,win,1.5,1.3043,15,13.0435,
nba,2024-12-26T01:00:00.000Z,LAL @ GSW,GSW -105,ml_home,game,-105,-105,loss,2.1,-2.1,21,-21,
nba,2024-12-26T03:30:00.000Z,DEN @ PHX,,custom,game,-114,30.5,loss,1.5,-1.5,15,-15,
nba,2024-12-26T03:30:00.000Z,DEN @ PHX,,custom,game,-157,3.5,win,1.2,0.7643,12,7.6433,
nba,2024-12-26T03:30:00.000Z,DEN @ PHX,,custom,game,-122,22.5,win,1.5,1.2295,15,12.2951,
epl,2024-12-26T15:00:00.000Z,CRY @ BOU,BOU -115,ml_home,game,-115,-115,loss,3.25,-3.25,32.5,-32.5,
epl,2024-12-26T15:00:00.000Z,AVL @ NEW,AVL @ NEW: o3 -110,over,game,-110,3,push,1.1,0,11,0,
epl,2024-12-26T17:30:00.000Z,MUN @ WOL,MUN -110,ml_away,game,-110,-110,loss,1.32,-1.32,13.2,-13.2,
nba,2024-12-27T01:00:00.000Z,TOR @ MEM,,custom,game,-125,23.5,loss,1,-1,10,-10,
nfl,2024-12-27T01:15:00.000Z,SEA @ CHI,,custom,game,-119,1.5,win,1,0.8403,10,8.4034,
nfl,2024-12-27T01:15:00.000Z,SEA @ CHI,,custom,game,-134,34.5,win,1,0.7463,10,7.4627,
nfl,2024-12-27T01:15:00.000Z,SEA @ CHI,,custom,game,-110,13.5,loss,1.1,-1.1,11,-11,
nba,2024-12-27T03:00:00.000Z,DET @ SAC,,custom,game,-112,12.5,loss,1,-1,10,-10,
ncaaf,2024-12-27T17:00:00.000Z,OU @ NAVY,(Live) OU -170,ml_away,game,-170,-170,loss,2.5,-2.5,25,-25,
ncaaf,2024-12-28T01:00:00.000Z,SYR @ WSU,SYR -17 -130,spread_away,game,-130,-17,push,2,0,20,0,
nba,2024-12-28T02:00:00.000Z,CLE @ DEN,,custom,game,-114,8.5,win,1.5,1.3158,15,13.1579,
nhl,2024-12-28T02:30:00.000Z,COL @ UTA,COL -135,ml_away,game,-135,-135,win,1.62,1.2,16.2,12,
nba,2024-12-28T03:00:00.000Z,GSW @ LAC,,custom,game,-115,23.5,loss,2,-2,20,-20,
ncaaf,2024-12-28T17:00:00.000Z,BC @ NEB,BC +2.5 -106,spread_away,game,-106,2.5,loss,1.06,-1.06,10.6,-10.6,
nfl,2024-12-28T18:00:00.000Z,LAC @ NE,,custom,game,-113,44.5,loss,1,-1,10,-10,
nfl,2024-12-28T18:00:00.000Z,LAC @ NE,,custom,game,-111,35.5,win,1,0.9009,10,9.009,
ncaab,2024-12-28T19:00:00.000Z,BUCK @ SYR,(Live) SYR -10.5 -104,spread_home,game,-104,-10.5,win,1,0.9615,10,9.6154,
ncaab,2024-12-28T19:00:00.000Z,BUCK @ SYR,,custom,game,-115,80.5,loss,3,-3,30,-30,
ncaaf,2024-12-28T20:30:00.000Z,ISU @ MIA,(Live) ISU @ MIA: u90.5 -103,under,game,-103,90.5,win,0.515,0.5,5.15,5,
ncaab,2024-12-28T21:00:00.000Z,GONZ @ UCLA,,custom,game,-113,10.5,loss,3,-3,30,-30,
ncaab,2024-12-28T21:00:00.000Z,GONZ @ UCLA,(Live) GONZ -190,ml_away,game,-190,-190,loss,4,-4,40,-40,
ncaab,2024-12-28T21:00:00.000Z,GONZ @ UCLA,,custom,game,105,11.5,loss,1.5,-1.5,15,-15,
ncaab,2024-12-28T21:00:00.000Z,GONZ @ UCLA,,custom,game,-170,8.5,loss,4,-4,40,-40,
ncaab,2024-12-28T21:00:00.000Z,GONZ @ UCLA,GONZ @ UCLA: o147.5 -110,over,game,-110,147.5,loss,3,-3,30,-30,
ncaab,2024-12-28T21:00:00.000Z,GONZ @ UCLA,GONZ -4 -110,spread_away,game,-110,-4,loss,1.5,-1.5,15,-15,
ncaab,2024-12-28T21:00:00.000Z,GONZ @ UCLA,(Live) GONZ +173,ml_away,game,173,173,loss,3.179,-3.179,31.79,-31.79,
ncaab,2024-12-28T21:00:00.000Z,GONZ @ UCLA,,custom,game,-205,0.5,win,4,1.9512,40,19.5122,
nfl,2024-12-28T21:30:00.000Z,DEN @ CIN,,custom,game,-117,26.5,win,1,0.8547,10,8.547,
ncaaf,2024-12-29T00:30:00.000Z,BYU @ COLO,COLO -135,ml_home,game,-135,-135,loss,0.5,-0.5,5,-5,
nfl,2024-12-29T01:10:00.000Z,ARI @ LA,,custom,game,-114,25.5,loss,1,-1,10,-10,
nba,2024-12-29T20:30:00.000Z,BKN @ ORL,,custom,game,-108,19.5,win,2,1.8519,20,18.5185,
ncaab,2024-12-31T01:00:00.000Z,OAK @ ARK,(Live) ARK -10.5 -123,spread_home,game,-123,-10.5,win,1.1,0.8943,11,8.9431,
ncaaf,2024-12-31T17:00:00.000Z,BAMA @ MICH,,custom,game,-133,208.5,win,0.6,0.4511,6,4.5113,
ncaaf,2024-12-31T17:00:00.000Z,BAMA @ MICH,,custom,game,-109,57.5,win,1.1,1.0092,11,10.0917,
ncaaf,2024-12-31T17:00:00.000Z,BAMA @ MICH,,custom,firsthalf,-115,16.5,loss,1.15,-1.15,11.5,-11.5,
ncaaf,2024-12-31T17:00:00.000Z,BAMA @ MICH,,custom,game,450,450,loss,0.6,-0.6,6,-6,
ncaab,2024-12-31T19:00:00.000Z,WVU @ KU,(Live) WVU +2 -117,spread_away,game,-117,2,win,0.01,0.0085,0.1,0.0855,
ncaab,2024-12-31T19:00:00.000Z,UCF @ TTU,(Live) UCF +5.5 -117,spread_away,game,-117,5.5,win,0.01,0.0085,0.1,0.0855,
ncaab,2024-12-31T19:00:00.000Z,WAKE @ SYR,(Live) WAKE -5.5 -122,spread_away,game,-122,-5.5,win,0.01,0.0082,0.1,0.082,
ncaaf,2024-12-31T20:00:00.000Z,SC @ ILL,(Live) SC @ ILL: u44.5 -120,under,game,-120,44.5,win,0.01,0.0083,0.1,0.0833,
ncaaf,2024-12-31T20:30:00.000Z,BAY @ LSU,BAY @ LSU: u62.5 -108,under,game,-108,62.5,loss,0.01,-0.01,0.1,-0.1,
ncaab,2024-12-31T21:00:00.000Z,GW @ RICH,(Live) GW +7 -121,spread_away,game,-121,7,win,0.01,0.0083,0.1,0.0826,
ncaab,2024-12-31T22:00:00.000Z,CSU @ SJSU,SJSU +3.5 -110,spread_home,game,-110,3.5,loss,1.2,-1.2,12,-12,
ncaaf,2025-01-01T00:30:00.000Z,PSU @ BOISE,BOISE +11 -110,spread_home,game,-110,11,loss,1.65,-1.65,16.5,-16.5,
ncaaf,2025-01-01T00:30:00.000Z,PSU @ BOISE,,custom,game,-116,130.5,win,1,0.8621,10,8.6207,
ncaaf,2025-01-01T00:30:00.000Z,PSU @ BOISE,,custom,game,-130,1.5,win,1.1,0.8462,11,8.4615,
ncaaf,2025-01-01T00:30:00.000Z,PSU @ BOISE,,custom,game,-130,1.5,win,0.7,0.5385,7,5.3846,
ncaaf,2025-01-01T00:30:00.000Z,PSU @ BOISE,,custom,game,-120,33.5,loss,2.7,-2.7,27,-27,
nba,2025-01-01T02:00:00.000Z,CLE @ LAL,,custom,game,115,5.5,loss,0.01,-0.01,0.1,-0.1,
nba,2025-01-01T02:00:00.000Z,MEM @ PHX,,custom,game,-117,9.5,push,0.01,0,0.1,0,
nba,2025-01-01T02:00:00.000Z,CLE @ LAL,,custom,game,-122,22.5,win,0.01,0.0082,0.1,0.082,
ncaab,2025-01-01T17:00:00.000Z,MIA @ BC,MIA @ BC: o144.5 -110,over,game,-110,144.5,win,0.01,0.0091,0.1,0.0909,
epl,2025-01-01T17:30:00.000Z,ARS @ BRE,ARS -195,ml_away,game,-195,-195,win,0.01,0.0051,0.1,0.0513,
ncaaf,2025-01-01T18:00:00.000Z,TEX @ ASU,,custom,game,-176,1.5,win,2,1.1364,20,11.3636,
ncaab,2025-01-01T19:00:00.000Z,CONN @ DEP,CONN -12.5 -105,spread_away,game,-105,-12.5,win,0.01,0.0095,0.1,0.0952,
ncaab,2025-01-01T21:00:00.000Z,STAN @ CLEM,STAN @ CLEM: u142.5 -106,under,game,-106,142.5,loss,0.01,-0.01,0.1,-0.1,
ncaaf,2025-01-01T22:00:00.000Z,OSU @ ORE,,custom,game,-105,28.5,win,1,0.9524,10,9.5238,
ncaaf,2025-01-01T22:00:00.000Z,OSU @ ORE,,custom,game,-135,43.5,loss,1,-1,10,-10,
ncaab,2025-01-01T23:00:00.000Z,UNC @ LOU,(Live) UNC +100,ml_away,game,100,100,loss,1.2,-1.2,12,-12,
nba,2025-01-02T00:00:00.000Z,CHI @ WAS,,custom,game,-118,22.5,win,0.6,0.5085,6,5.0847,
nba,2025-01-02T00:30:00.000Z,NOP @ MIA,,custom,game,-125,20.5,loss,0.6,-0.6,6,-6,
nba,2025-01-02T02:00:00.000Z,ATL @ DEN,,custom,game,-122,30.5,win,0.6,0.4918,6,4.918,
ncaaf,2025-01-02T21:00:00.000Z,ND @ UGA,,custom,game,-114,46.5,loss,1.5,-1.5,15,-15,
ncaaf,2025-01-02T21:00:00.000Z,ND @ UGA,UGA +100,ml_home,game,100,100,loss,6,-6,60,-60,
nba,2025-01-03T01:00:00.000Z,BKN @ MIL,,custom,game,-125,19.5,win,1.9,1.52,19,15.2,
nba,2025-01-05T00:00:00.000Z,PHX @ IND,,custom,game,-115,9.5,loss,0.2,-0.2,2,-2,
nba,2025-01-05T00:00:00.000Z,MIN @ DET,,custom,game,-116,24,win,0.2,0.1724,2,1.7241,
nba,2025-01-05T01:30:00.000Z,MEM @ GSW,,custom,game,-107,20,loss,0.2,-0.2,2,-2,
ligue1,2025-01-05T14:00:00.000Z,STB @ ANG,(Live) STB +100,ml_away,game,-100,-100,loss,0.2,-0.2,2,-2,
epl,2025-01-05T14:00:00.000Z,IPS @ FUL,FUL -182,ml_home,game,-182,-182,loss,0.9,-0.9,9,-9,
nfl,2025-01-05T18:00:00.000Z,CAR @ ATL,(Live) ATL -6 -105,spread_home,game,-105,-6,loss,0.9,-0.9,9,-9,
nfl,2025-01-05T21:25:00.000Z,MIA @ NYJ,,custom,game,300,130,win,0.3,0.9,3,9,
nfl,2025-01-06T01:20:00.000Z,MIN @ DET,MIN +3 -118,spread_away,game,-118,3,loss,1.3,-1.3,13,-13,
nfl,2025-01-06T01:20:00.000Z,MIN @ DET,MIN @ DET: u56.5 -105,under,game,-105,56.5,win,0.5,0.4762,5,4.7619,
ncaab,2025-01-08T00:00:00.000Z,UK @ UGA,UGA +120,ml_home,game,120,120,win,0.5,0.6,5,6,
nba,2025-01-08T00:00:00.000Z,HOU @ WAS,(Live) HOU -6 -113,spread_away,game,-113,-6,win,1.1,0.9735,11,9.7345,
ncaab,2025-01-08T00:00:00.000Z,ARIZ @ WVU,(Live) WVU +10.5 -110,spread_home,game,-110,10.5,loss,0.7,-0.7,7,-7,
ncaab,2025-01-09T00:00:00.000Z,MISS @ ARK,ARK -3 -120,spread_home,game,-120,-3,loss,0.5,-0.5,5,-5,
nba,2025-01-09T00:00:00.000Z,CHI @ IND,,custom,game,-110,13.5,win,0.3,0.2727,3,2.7273,
nba,2025-01-09T00:00:00.000Z,OKC @ CLE,,custom,game,-119,32.5,win,0.4,0.3361,4,3.3613,
nba,2025-01-09T00:30:00.000Z,TOR @ NYK,,custom,game,120,4.5,win,0.4,0.48,4,4.8,
nba,2025-01-09T01:00:00.000Z,POR @ NOP,,custom,game,-110,21.5,win,0.4,0.3636,4,3.6364,
ncaab,2025-01-09T02:00:00.000Z,USD @ GONZ,(1H) GONZ -16.5 -105,spread_home,firsthalf,-105,-16.5,loss,0.7,-0.7,7,-7,
ncaab,2025-01-09T02:00:00.000Z,ASU @ KU,(Live) KU -6.5 -115,spread_home,game,-115,-6.5,win,0.5,0.4348,5,4.3478,
nba,2025-01-10T00:00:00.000Z,TOR @ CLE,,custom,game,-130,13.5,win,0.3,0.2308,3,2.3077,
nba,2025-01-10T00:00:00.000Z,TOR @ CLE,,custom,game,-115,4.5,loss,0.5,-0.5,5,-5,
nba,2025-01-10T00:30:00.000Z,POR @ DAL,,custom,game,-148,6.5,loss,0.3,-0.3,3,-3,
ncaaf,2025-01-10T00:30:00.000Z,ND @ PSU,PSU +100,ml_home,game,100,100,loss,1.7,-1.7,17,-17,
nba,2025-01-10T01:00:00.000Z,HOU @ MEM,,custom,game,-115,21.5,loss,0.4,-0.4,4,-4,
nba,2025-01-10T02:00:00.000Z,ATL @ PHX,,custom,game,-125,26.5,loss,0.4,-0.4,4,-4,
nba,2025-01-10T02:00:00.000Z,MIA @ UTA,,custom,game,-111,21.5,loss,0.4,-0.4,4,-4,
ncaab,2025-01-11T00:00:00.000Z,MINN @ WIS,(Live) WIS -7.5 -190,spread_home,game,-190,-7.5,win,0.3,0.1579,3,1.5789,
nba,2025-01-11T00:30:00.000Z,SAC @ BOS,,custom,game,-120,21.5,win,0.96,0.8,9.6,8,
nba,2025-01-11T00:30:00.000Z,OKC @ NYK,,custom,game,-145,24.5,win,0.802,0.5531,8.02,5.531,
nba,2025-01-11T00:30:00.000Z,SAC @ BOS,,custom,game,-109,5.5,win,0.3,0.2752,3,2.7523,
ncaaf,2025-01-11T00:30:00.000Z,OSU @ TEX,,custom,game,-125,63.5,loss,2,-2,20,-20,
ncaaf,2025-01-11T00:30:00.000Z,OSU @ TEX,,custom,game,-195,1.5,loss,4,-4,40,-40,
nba,2025-01-11T01:00:00.000Z,WAS @ CHI,,custom,game,-105,13.5,loss,0.5,-0.5,5,-5,
nba,2025-01-11T02:00:00.000Z,BKN @ DEN,,custom,game,-110,32.5,loss,1.5,-1.5,15,-15,
ncaab,2025-01-11T18:00:00.000Z,AUB @ SCAR,(Live) AUB -5.5 -105,spread_away,game,-105,-5.5,loss,0.7,-0.7,7,-7,
ncaab,2025-01-11T18:00:00.000Z,AUB @ SCAR,(Live) AUB -1.5 -125,spread_away,game,-125,-1.5,win,0.4,0.32,4,3.2,
ncaab,2025-01-11T18:00:00.000Z,AUB @ SCAR,(1H) AUB -720,ml_away,firsthalf,-720,-720,loss,0.7,-0.7,7,-7,
ncaab,2025-01-11T19:00:00.000Z,KU @ CIN,(Live) KU -140,ml_away,game,-140,-140,win,0.8,0.5714,8,5.7143,
ncaab,2025-01-11T19:00:00.000Z,CONN @ GTWN,(Live) CONN -2 -115,spread_away,game,-115,-2,win,1.3,1.1304,13,11.3043,
nfl,2025-01-11T21:30:00.000Z,LAC @ HOU,LAC -2.5 -120,spread_away,game,-120,-2.5,loss,12,-12,120,-120,
nfl,2025-01-11T21:30:00.000Z,LAC @ HOU,LAC @ HOU: o41.5 -120,over,game,-120,41.5,win,3.6,3,36,30,
ncaab,2025-01-11T22:15:00.000Z,WAKE @ MIA,(Live) WAKE -4 -110,spread_away,game,-110,-4,win,0.7,0.6364,7,6.3636,
nba,2025-01-12T00:00:00.000Z,TOR @ DET,,custom,game,-122,10.5,loss,2.9,-2.9,29,-29,
nfl,2025-01-12T01:00:00.000Z,PIT @ BAL,BAL -8.5 -120,spread_home,game,-120,-8.5,win,20.8,17.3333,208,173.3333,
nba,2025-01-12T01:00:00.000Z,MEM @ MIN,,custom,game,-125,10.5,win,0.6,0.48,6,4.8,
nba,2025-01-12T03:00:00.000Z,MIA @ POR,,custom,game,-105,9.5,win,0.6,0.5714,6,5.7143,
nfl,2025-01-12T18:00:00.000Z,DEN @ BUF,,custom,game,-115,22.5,loss,1,-1,10,-10,
ncaab,2025-01-12T19:00:00.000Z,WASH @ MICH,MICH -13.5 -110,spread_home,game,-110,-13.5,win,1.1,1,11,10,
nfl,2025-01-12T21:30:00.000Z,GB @ PHI,GB +5.5 -110,spread_away,game,-110,5.5,loss,1.1,-1.1,11,-11,
nfl,2025-01-12T21:30:00.000Z,GB @ PHI,GB @ PHI: u45.5 -110,under,game,-110,45.5,win,5,4.5455,50,45.4545,
nfl,2025-01-12T21:30:00.000Z,GB @ PHI,,custom,game,-115,6.5,loss,1.5,-1.5,15,-15,
nfl,2025-01-12T21:30:00.000Z,GB @ PHI,,custom,game,-130,21.5,loss,1.2,-1.2,12,-12,
nfl,2025-01-12T21:30:00.000Z,GB @ PHI,,custom,game,-112,220.5,loss,1,-1,10,-10,
nba,2025-01-12T23:00:00.000Z,IND @ CLE,,custom,game,-120,21.5,win,0.7,0.5833,7,5.8333,
nba,2025-01-12T23:00:00.000Z,NOP @ BOS,,custom,game,-120,25.5,win,0.7,0.5833,7,5.8333,
nba,2025-01-12T23:00:00.000Z,PHI @ ORL,,custom,game,-115,34.5,loss,1,-1,10,-10,
nfl,2025-01-13T01:15:00.000Z,WAS @ TB,,custom,game,-130,55.5,loss,1,-1,10,-10,
nfl,2025-01-13T01:15:00.000Z,WAS @ TB,,custom,game,-110,22.5,win,1,0.9091,10,9.0909,
nba,2025-01-13T02:00:00.000Z,CHA @ PHX,,custom,game,-110,9.5,loss,0.7,-0.7,7,-7,
nba,2025-01-14T00:00:00.000Z,MIN @ WAS,,custom,game,-110,15.5,win,0.8,0.7273,8,7.2727,
nba,2025-01-14T00:30:00.000Z,DET @ NYK,,custom,game,-102,15.5,loss,0.8,-0.8,8,-8,
nfl,2025-01-14T01:15:00.000Z,MIN @ LA,,custom,game,-120,42.5,loss,1.2,-1.2,12,-12,
nfl,2025-01-14T01:15:00.000Z,MIN @ LA,MIN -2.5 -110,spread_away,game,-110,-2.5,loss,2,-2,20,-20,
nba,2025-01-14T03:30:00.000Z,SAS @ LAL,,custom,game,-111,23.5,loss,0.8,-0.8,8,-8,
seriea,2025-01-14T17:30:00.000Z,ACM @ COM,ACM -107,ml_away,game,-107,-107,win,3.07,2.8692,30.7,28.6916,
ncaab,2025-01-15T03:30:00.000Z,IOWA @ USC,USC -155,ml_home,game,-155,-155,win,1.55,1,15.5,10,
bundesliga,2025-01-15T19:30:00.000Z,FCH @ SVW,(Live) SVW -1 +105,spread_home,game,105,-1,loss,1,-1,10,-10,
bundesliga,2025-01-15T19:30:00.000Z,RBL @ VFB,VFB -101,ml_home,game,-101,-101,win,1.01,1,10.1,10,
ncaab,2025-01-15T23:30:00.000Z,STAN @ WAKE,WAKE -6.5 -110,spread_home,game,-110,-6.5,win,1.1,1,11,10,
nba,2025-01-16T00:30:00.000Z,BOS @ TOR,,custom,game,-113,27.5,win,0.7,0.6195,7,6.1947,
nba,2025-01-16T02:00:00.000Z,HOU @ DEN,,custom,game,-110,20.5,loss,1,-1,10,-10,
ncaab,2025-01-16T02:30:00.000Z,PUR @ WASH,PUR -7.5 -110,spread_away,game,-110,-7.5,win,1.1,1,11,10,
nba,2025-01-16T02:30:00.000Z,GSW @ MIN,,custom,game,100,13.5,loss,1,-1,10,-10,
nba,2025-01-16T03:00:00.000Z,MIA @ LAL,,custom,game,-120,13.5,loss,1,-1,10,-10,
ncaaw,2025-01-16T17:00:00.000Z,OAK (W) @ MILW (W),(Live) OAK (W) -198,ml_away,game,-198,-198,win,1,0.5051,10,5.0505,
ncaab,2025-01-17T00:00:00.000Z,LT @ JVST,JVST +3.5 -118,spread_home,game,-118,3.5,win,1.18,1,11.8,10,
ncaab,2025-01-17T00:00:00.000Z,MICH @ MINN,,custom,game,-110,77,loss,1.1,-1.1,11,-11,
ncaab,2025-01-17T00:00:00.000Z,MEM @ TEM,MEM -8.5 -110,spread_away,game,-110,-8.5,loss,1.1,-1.1,11,-11,
ncaab,2025-01-17T00:00:00.000Z,MICH @ MINN,MICH @ MINN: u144 -110,under,game,-110,144,loss,1.1,-1.1,11,-11,
nba,2025-01-17T00:00:00.000Z,IND @ DET,,custom,game,-130,2.5,loss,0.8,-0.8,8,-8,
ncaab,2025-01-17T02:00:00.000Z,MD @ NW,NW +1.5 -110,spread_home,game,-110,1.5,win,1.1,1,11,10,
ncaab,2025-01-17T02:00:00.000Z,MD @ NW,NW +2.5 +103,spread_home,game,103,2.5,win,2,2.06,20,20.6,
nba,2025-01-17T03:00:00.000Z,HOU @ SAC,,custom,game,-115,5.5,win,0.8,0.6957,8,6.9565,
ncaab,2025-01-17T04:00:00.000Z,GONZ @ ORST,GONZ -9.5 -110,spread_away,game,-110,-9.5,loss,1.65,-1.65,16.5,-16.5,
ncaab,2025-01-17T04:00:00.000Z,GONZ @ ORST,,custom,game,-110,80.5,win,1.1,1,11,10,
ncaab,2025-01-17T04:00:00.000Z,GONZ @ ORST,,custom,game,-111,17.5,win,2,1.8018,20,18.018,
ncaab,2025-01-17T04:00:00.000Z,GONZ @ ORST,,custom,game,-120,8.5,win,2,1.6667,20,16.6667,
ncaab,2025-01-17T23:00:00.000Z,OHIO @ AKR,OHIO +4 -123,spread_away,game,-123,4,loss,1.476,-1.476,14.76,-14.76,
ncaab,2025-01-18T00:00:00.000Z,PROV @ VILL,,custom,game,-110,74.5,win,1.21,1.1,12.1,11,
ncaab,2025-01-18T00:00:00.000Z,VCU @ JOES,(Live) JOES +4.5 -110,spread_home,game,-110,4.5,loss,1.19,-1.19,11.9,-11.9,
ncaab,2025-01-18T01:00:00.000Z,IND @ OSU,IND +7.5 -110,spread_away,game,-110,7.5,win,1.32,1.2,13.2,12,
ncaab,2025-01-18T01:00:00.000Z,DEP @ GTWN,,custom,game,-110,66.5,loss,1.21,-1.21,12.1,-12.1,
ncaab,2025-01-18T01:00:00.000Z,IND @ OSU,,custom,game,-110,77.5,loss,1.21,-1.21,12.1,-12.1,
ncaab,2025-01-18T02:00:00.000Z,IOWA @ UCLA,,custom,game,-110,79.5,win,1.21,1.1,12.1,11,
ncaab,2025-01-18T04:00:00.000Z,BSU @ UNM,,custom,game,-110,77.5,win,1.21,1.1,12.1,11,
ncaab,2025-01-18T04:00:00.000Z,BSU @ UNM,UNM -3 -124,spread_home,game,-124,-3,win,2.728,2.2,27.28,22,
laliga,2025-01-18T13:00:00.000Z,SEV @ GIR,SEV @ GIR: o2.5 +100,over,game,100,2.5,win,1,1,10,10,
seriea,2025-01-18T14:00:00.000Z,MON @ BFC,BFC -0.75 -131,spread_home,game,-131,-0.75,win,1.31,1,13.1,10,
bundesliga,2025-01-18T14:30:00.000Z,RBL @ BOC,RBL -0.5 +100,spread_away,game,100,-0.5,loss,1,-1,10,-10,
ncaab,2025-01-18T17:00:00.000Z,CLEM @ PITT,(Live) PITT +5.5 -105,spread_home,game,-105,5.5,win,1.1,1.0476,11,10.4762,
ncaab,2025-01-18T17:00:00.000Z,CREI @ CONN,(Live) CONN +1.5 -126,spread_home,game,-126,1.5,loss,1.26,-1.26,12.6,-12.6,
ncaab,2025-01-18T18:00:00.000Z,KSU @ KU,,custom,game,-110,77.5,win,2.2,2,22,20,
ncaab,2025-01-18T19:00:00.000Z,SMU @ MIA,MIA +6 -118,spread_home,game,-118,6,loss,2.36,-2.36,23.6,-23.6,
ncaab,2025-01-18T21:00:00.000Z,L-IL @ DAY,(Live) DAY -161,ml_home,game,-161,-161,win,1.061,0.659,10.61,6.5901,
ncaab,2025-01-18T21:00:00.000Z,TEX @ FLA,FLA -10.5 -110,spread_home,game,-110,-10.5,win,1.1,1,11,10,
nfl,2025-01-18T21:30:00.000Z,HOU @ KC,,custom,game,-138,8.5,loss,2,-2,20,-20,
ncaab,2025-01-18T22:00:00.000Z,ISU @ WVU,,custom,game,-110,71.5,win,2.2,2,22,20,
ncaab,2025-01-18T23:00:00.000Z,SJSU @ NEV,,custom,game,-110,61.5,loss,1.1,-1.1,11,-11,
ncaab,2025-01-18T23:00:00.000Z,MISS @ MSST,MSST -5.5 -110,spread_home,game,-110,-5.5,loss,2.2,-2.2,22,-22,
nfl,2025-01-19T01:00:00.000Z,WAS @ DET,,custom,game,-137,14.5,loss,1,-1,10,-10,
nfl,2025-01-19T01:00:00.000Z,WAS @ DET,,custom,game,-115,22.5,loss,1,-1,10,-10,
ncaab,2025-01-19T01:30:00.000Z,LSU @ TXAM,TXAM -11.5 -110,spread_home,game,-110,-11.5,loss,1.1,-1.1,11,-11,
ncaab,2025-01-19T02:00:00.000Z,SCU @ GONZ,GONZ -14.5 -124,spread_home,game,-124,-14.5,loss,6.2,-6.2,62,-62,
ncaab,2025-01-19T02:00:00.000Z,SCU @ GONZ,(Live) GONZ +120,ml_home,game,120,120,loss,72,-72,720,-720,
ncaab,2025-01-19T03:00:00.000Z,ORST @ SF,,custom,game,-110,69.5,loss,1.1,-1.1,11,-11,
ncaaf,2025-01-21T00:30:00.000Z,OSU @ ND,,custom,game,101,110,win,1.5,1.515,15,15.15,
nfl,2025-01-26T23:30:00.000Z,BUF @ KC,BUF +1 -110,spread_away,game,-110,1,loss,5.5,-5.5,55,-55,
champions,2025-01-29T20:00:00.000Z,BRU @ MCI,MCI -400,ml_home,game,-400,-400,win,6,1.5,60,15,
ncaab,2025-02-05T02:00:00.000Z,OKLA @ AUB,AUB -17.5 -110,spread_home,game,-110,-17.5,win,1.1,1,11,10,
ncaab,2025-02-05T03:00:00.000Z,SJSU @ FRES,FRES +3 -110,spread_home,game,-110,3,push,1.5,0,15,0,
ncaab,2025-02-06T00:00:00.000Z,CLEV @ NKU,NKU +1.5 -107,spread_home,game,-107,1.5,win,1.1,1.028,11,10.2804,
nba,2025-02-06T00:00:00.000Z,CLE @ DET,(Live) DET +6.5 +105,spread_home,game,105,6.5,win,1.1,1.155,11,11.55,
ncaab,2025-02-06T01:30:00.000Z,ILL @ RUTG,RUTG +7 -115,spread_home,game,-115,7,win,1.1,0.9565,11,9.5652,
bundesliga,2025-02-07T19:30:00.000Z,SVW @ BMU,BMU -2.72 -110,spread_home,game,-110,-2.72,win,0.55,0.5,5.5,5,
ncaab,2025-02-08T01:00:00.000Z,SJU @ CONN,CONN -2.5 -134,spread_home,game,-134,-2.5,loss,1.34,-1.34,13.4,-13.4,
ligue1,2025-02-08T20:05:00.000Z,REN @ STE,REN +125,ml_away,game,125,125,win,1.1,1.375,11,13.75,
ncaab,2025-02-08T22:00:00.000Z,UTAH @ WVU,,custom,game,-110,71.5,win,1.1,1,11,10,
ncaab,2025-02-08T22:00:00.000Z,FGCU @ UNF,,custom,game,-125,80.5,win,3,2.4,30,24,
ncaab,2025-02-08T23:00:00.000Z,BYU @ CIN,,custom,game,-110,69.5,win,1.1,1,11,10,
ncaab,2025-02-09T03:00:00.000Z,SDSU @ CSU,CSU -125,ml_home,game,-125,-125,win,1.1,0.88,11,8.8,
nfl,2025-02-09T23:30:00.000Z,KC @ PHI,,custom,game,-160,4.5,loss,2.5,-2.5,25,-25,
nfl,2025-02-09T23:30:00.000Z,KC @ PHI,,custom,game,-120,103.5,win,1.2,1,12,10,
nfl,2025-02-09T23:30:00.000Z,KC @ PHI,,custom,game,-120,13.5,win,3,2.5,30,25,
nfl,2025-02-09T23:30:00.000Z,KC @ PHI,,custom,game,-128,36.5,win,2.304,1.8,23.04,18,
nfl,2025-02-09T23:30:00.000Z,KC @ PHI,,custom,game,-115,22.5,loss,1.5,-1.5,15,-15,
champions,2025-02-11T20:00:00.000Z,BVB @ SPO,BVB +0.5 -125,spread_away,game,-125,0.5,win,1.875,1.5,18.75,15,
ncaab,2025-02-12T02:00:00.000Z,CONN @ CREI,CONN +3.5 -110,spread_away,game,-110,3.5,win,2.6,2.3636,26,23.6364,
champions,2025-02-12T17:45:00.000Z,ATA @ BRU,ATA -0.25 -130,spread_away,game,-130,-0.25,loss,1.95,-1.95,19.5,-19.5,
champions,2025-02-12T20:00:00.000Z,BMU @ CEL,BMU -1.5 -105,spread_away,game,-105,-1.5,loss,1.575,-1.575,15.75,-15.75,
europa,2025-02-13T17:45:00.000Z,RSC @ FEN,(Live) RSC +6286,ml_away,game,6286,6286,loss,1,-1,10,-10,
europa,2025-02-13T17:45:00.000Z,RSC @ FEN,RSC +1 +100,spread_away,game,100,1,loss,1.2,-1.2,12,-12,
europa,2025-02-13T17:45:00.000Z,AJA @ USG,AJA +0.5 -125,spread_away,game,-125,0.5,win,1.25,1,12.5,10,
europa,2025-02-13T17:45:00.000Z,RSO @ FCM,RSO +100,ml_away,game,100,100,win,1.5,1.5,15,15,
europa,2025-02-13T17:45:00.000Z,AJA @ USG,(Live) AJA PK +145,spread_away,game,145,0,win,0.5,0.725,5,7.25,
ncaab,2025-02-14T04:00:00.000Z,SF @ GONZ,,custom,game,-115,83.5,win,2.3,2,23,20,
ncaab,2025-02-15T23:00:00.000Z,VILL @ PROV,PROV +2.5 -110,spread_home,game,-110,2.5,win,1.5,1.3636,15,13.6364,
ncaab,2025-02-15T23:00:00.000Z,WAKE @ SMU,WAKE +8 -110,spread_away,game,-110,8,win,1.5,1.3636,15,13.6364,
ncaab,2025-02-16T05:00:00.000Z,UCI @ HAW,HAW +5.5 -105,spread_home,game,-105,5.5,loss,1.05,-1.05,10.5,-10.5,
champions,2025-02-18T20:00:00.000Z,BRU @ ATA,ATA +110,ml_home,game,110,110,loss,1.364,-1.364,13.64,-13.64,
champions,2025-02-18T20:00:00.000Z,CEL @ BMU,(Live) BMU -0.75 -189,spread_home,game,-189,-0.75,loss,2.835,-2.835,28.35,-28.35,
champions,2025-02-19T20:00:00.000Z,MCI @ RMA,MCI +215,ml_away,game,215,215,loss,0.1,-0.1,1,-1,
ncaab,2025-02-20T02:00:00.000Z,GONZ @ WSU,GONZ -12.5 -105,spread_away,game,-105,-12.5,win,5.25,5,52.5,50,
bundesliga,2025-02-21T19:30:00.000Z,SVW @ SCF,SCF -0.25 -125,spread_home,game,-125,-0.25,win,1.25,1,12.5,10,
epl,2025-02-22T12:30:00.000Z,MUN @ EVE,MUN +195,ml_away,game,195,195,loss,1,-1,10,-10,
epl,2025-02-22T15:00:00.000Z,WHU @ ARS,ARS -305,ml_home,game,-305,-305,loss,1.2,-1.2,12,-12,
epl,2025-02-22T15:00:00.000Z,WOL @ BOU,BOU -1 -110,spread_home,game,-110,-1,loss,1.1,-1.1,11,-11,
epl,2025-02-22T15:00:00.000Z,TOT @ IPS,TOT -104,ml_away,game,-104,-104,win,1.56,1.5,15.6,15,
ncaab,2025-02-22T19:00:00.000Z,PSU @ MINN,PSU +3.5 -122,spread_away,game,-122,3.5,win,1.22,1,12.2,10,
ncaab,2025-02-22T23:00:00.000Z,SCU @ WSU,WSU +2.5 -125,spread_home,game,-125,2.5,loss,1.875,-1.875,18.75,-18.75,
ncaab,2025-02-23T01:00:00.000Z,MIZZ @ ARK,ARK +2 -122,spread_home,game,-122,2,win,1.22,1,12.2,10,
ncaab,2025-02-23T01:00:00.000Z,SMC @ GONZ,(1H) GONZ -3.5 -104,spread_home,firsthalf,-104,-3.5,loss,2.2,-2.2,22,-22,
ncaab,2025-02-23T01:00:00.000Z,SMC @ GONZ,GONZ -6.5 -110,spread_home,game,-110,-6.5,loss,4.4,-4.4,44,-44,
laliga,2025-02-23T13:00:00.000Z,VLL @ ATH,ATH -2 -110,spread_home,game,-110,-2,win,1.1,1,11,10,
ncaab,2025-02-23T19:00:00.000Z,TULN @ WICH,TULN +4.5 -110,spread_away,game,-110,4.5,loss,3.24,-3.24,32.4,-32.4,
nba,2025-03-01T00:30:00.000Z,POR @ BKN,,custom,game,-116,18.5,loss,6,-6,60,-60,
nba,2025-03-05T01:30:00.000Z,BKN @ SAS,,custom,game,-118,18.5,win,7.198,6.1,71.98,61,
champions,2025-03-05T20:00:00.000Z,BAR @ BEN,BAR -125,ml_away,game,-125,-125,win,5,4,50,40,
europa,2025-03-06T17:45:00.000Z,OL @ FCSB,OL -110,ml_away,game,-110,-110,win,3.3,3,33,30,
europa,2025-03-06T20:00:00.000Z,LAZ @ VIK,LAZ -110,ml_away,game,-110,-110,win,3.41,3.1,34.1,31,
bundesliga,2025-03-08T14:30:00.000Z,BOC @ BMU,BMU -2.5 +105,spread_home,game,105,-2.5,loss,2.2,-2.2,22,-22,
seriea,2025-03-08T19:45:00.000Z,MON @ INT,INT -125,ml_home,game,-125,-125,win,1.5,1.2,15,12,
ligue1,2025-03-09T14:00:00.000Z,ANG @ STB,STB -135,ml_home,game,-135,-135,win,1.35,1,13.5,10,
ncaab,2025-03-14T23:00:00.000Z,UNC @ DUKE,UNC +7 -105,spread_away,game,-105,7,win,1.1,1.0476,11,10.4762,
ncaab,2025-03-15T01:30:00.000Z,UK @ ALA,UK +7.5 -115,spread_away,game,-115,7.5,loss,1.1,-1.1,11,-11,
bundesliga,2025-03-15T14:30:00.000Z,BMU @ UNI,BMU -1.5 -115,spread_away,game,-115,-1.5,loss,1.25,-1.25,12.5,-12.5,
epl,2025-03-15T15:00:00.000Z,NFO @ IPS,NFO +100,ml_away,game,100,100,win,2.45,2.45,24.5,24.5,
seriea,2025-03-15T17:00:00.000Z,COM @ ACM,ACM -125,ml_home,game,-125,-125,win,1.875,1.5,18.75,15,
seriea,2025-03-15T19:45:00.000Z,EMP @ TOR,(Live) TOR +125,ml_home,game,125,125,win,1,1.25,10,12.5,
seriea,2025-03-16T11:30:00.000Z,NAP @ VEN,NAP -210,ml_away,game,-210,-210,loss,1.38,-1.38,13.8,-13.8,
bundesliga,2025-03-16T14:30:00.000Z,SGE @ BOC,SGE +125,ml_away,game,125,125,win,1.5,1.875,15,18.75,
bundesliga,2025-03-16T16:30:00.000Z,HOK @ FCH,FCH +100,ml_home,game,-100,-100,win,0.8,0.8,8,8,
mls,2025-03-16T23:00:00.000Z,MIA @ ATL,,custom,game,125,-110,win,1.2,1.5,12,15,
ncaab,2025-03-18T22:40:00.000Z,SFPA @ ALST,SFPA @ ALST: u138 -110,under,game,-110,138,push,1.1,0,11,0,
ncaab,2025-03-19T01:21:00.000Z,UNC @ SDSU,,custom,game,-115,73.5,win,1.38,1.2,13.8,12,
ncaab,2025-03-20T01:18:00.000Z,XAV @ TEX,XAV -140,ml_away,game,-140,-140,win,2.5,1.7857,25,17.8571,
ncaab,2025-03-20T19:24:00.000Z,MCNS @ CLEM,CLEM -7.5 -110,spread_home,game,-110,-7.5,loss,4.5,-4.5,45,-45,
ncaab,2025-03-20T16:15:00.000Z,CREI @ LOU,CREI @ LOU: u145.5 -110,under,game,-110,145.5,loss,1.1,-1.1,11,-11,
ncaab,2025-03-20T16:15:00.000Z,CREI @ LOU,(Live) CREI @ LOU: u160.5 -130,under,game,-130,160.5,loss,1,-1,10,-10,
ncaab,2025-03-20T16:40:00.000Z,HP @ PUR,HP +8 -110,spread_away,game,-110,8,loss,1.65,-1.65,16.5,-16.5,
ncaab,2025-03-20T17:30:00.000Z,MONT @ WIS,(Live) WIS -14.5 -108,spread_home,game,-108,-14.5,win,1.08,1,10.8,10,
ncaab,2025-03-20T18:00:00.000Z,SIUE @ HOU,SIUE @ HOU: o127.5 -110,over,game,-110,127.5,loss,2.1,-2.1,21,-21,
ncaab,2025-03-20T19:24:00.000Z,MCNS @ CLEM,CLEM -7.5 +100,spread_home,game,100,-7.5,loss,2,-2,20,-20,
ncaab,2025-03-20T20:05:00.000Z,VCU @ BYU,VCU @ BYU: o146.5 -110,over,game,-110,146.5,win,1.1,1,11,10,
ncaab,2025-03-20T20:05:00.000Z,VCU @ BYU,,custom,game,100,7.5,win,2.5,2.5,25,25,
ncaab,2025-03-20T20:35:00.000Z,UGA @ GONZ,,custom,game,-130,8.5,loss,7,-7,70,-70,
nhl,2025-03-20T23:00:00.000Z,TOR @ NYR,NYR -135,ml_home,game,-135,-135,loss,2.5,-2.5,25,-25,
ncaab,2025-03-20T23:10:00.000Z,ARK @ KU,ARK @ KU: u145.5 -105,under,game,-105,145.5,loss,1.1,-1.1,11,-11,
ncaab,2025-03-20T23:10:00.000Z,ARK @ KU,(Live) KU -4.5 +117,spread_home,game,117,-4.5,loss,5,-5,50,-50,
ncaab,2025-03-20T23:10:00.000Z,ARK @ KU,(Live) KU -2.5 -118,spread_home,game,-118,-2.5,loss,1.1,-1.1,11,-11,
nhl,2025-03-20T23:30:00.000Z,MTL @ NYI,NYI -141,ml_home,game,-141,-141,win,1.41,1,14.1,10,
nhl,2025-03-21T00:00:00.000Z,TB @ DAL,TB -120,ml_away,game,-120,-120,win,1.2,1,12,10,
ncaab,2025-03-21T02:09:00.000Z,UCSD @ MICH,MICH -137,ml_home,game,-137,-137,win,7,5.1095,70,51.0949,
ncaab,2025-03-21T02:42:00.000Z,UNCW @ TTU,TTU -15.5 -110,spread_home,game,-110,-15.5,loss,2.2,-2.2,22,-22,
ncaab,2025-03-21T02:42:00.000Z,UNCW @ TTU,(1H) UNCW @ TTU: o67.5 -115,over,firsthalf,-115,67.5,win,1.15,1,11.5,10,
ncaab,2025-03-21T16:15:00.000Z,BAY @ MSST,(Live) MSST -1.5 -109,spread_home,game,-109,-1.5,loss,1.09,-1.09,10.9,-10.9,
ncaab,2025-03-21T18:00:00.000Z,CSU @ MEM,MEM +120,ml_home,game,120,120,loss,6,-6,60,-60,
ncaab,2025-03-21T19:34:00.000Z,VAN @ SMC,,custom,game,104,8.5,win,1,1.04,10,10.4,
ncaab,2025-03-21T23:20:00.000Z,TROY @ UK,UK -11.5 -110,spread_home,game,-110,-11.5,win,3.5,3.1818,35,31.8182,
ncaab,2025-03-21T23:20:00.000Z,TROY @ UK,UK -11 -110,spread_home,game,-110,-11,win,3.85,3.5,38.5,35,
ncaab,2025-03-21T23:25:00.000Z,UNM @ MARQ,UNM +160,ml_away,game,160,160,win,3,4.8,30,48,
ncaab,2025-03-22T01:32:00.000Z,OKLA @ CONN,,custom,game,-105,16.5,loss,1,-1,10,-10,
ncaab,2025-03-22T02:26:00.000Z,LIB @ ORE,ORE -6.5 -110,spread_home,game,-110,-6.5,win,4.4,4,44,40,
ncaab,2025-03-22T21:30:00.000Z,MICH @ TXAM,MICH +2.5 -105,spread_away,game,-105,2.5,win,1.05,1,10.5,10,
ncaab,2025-03-22T22:10:00.000Z,DRKE @ TTU,(Live) TTU -10.5 +146,spread_home,game,146,-10.5,win,1.5,2.19,15,21.9,
ncaab,2025-03-23T00:27:00.000Z,BYU @ WIS,WIS -1.5 -110,spread_home,game,-110,-1.5,loss,7,-7,70,-70,
ncaab,2025-03-23T00:27:00.000Z,BYU @ WIS,WIS -4.5 +142,spread_home,game,142,-4.5,loss,1.5,-1.5,15,-15,
ncaab,2025-03-23T21:30:00.000Z,ILL @ UK,ILL -134,ml_away,game,-134,-134,loss,1.34,-1.34,13.4,-13.4,
ncaab,2025-03-23T23:10:00.000Z,CSU @ MD,MD -7.5 -120,spread_home,game,-120,-7.5,loss,2.95,-2.95,29.5,-29.5,
ncaab,2025-03-24T00:20:00.000Z,MISS @ ISU,MISS +5.5 -106,spread_away,game,-106,5.5,win,1.5,1.4151,15,14.1509,
ncaab,2025-03-24T01:48:00.000Z,ORE @ ARIZ,(Live) ORE +146,ml_away,game,146,146,loss,1,-1,10,-10,
ncaab,2025-03-27T23:09:00.000Z,BYU @ ALA,BYU @ ALA: o175.5 -122,over,game,-122,175.5,win,3.965,3.25,39.65,32.5,
ncaab,2025-03-27T23:09:00.000Z,BYU @ ALA,ALA -5.5 -110,spread_home,game,-110,-5.5,win,1.1,1,11,10,
ncaab,2025-03-28T23:39:00.000Z,UK @ TENN,UK +4.5 -110,spread_away,game,-110,4.5,loss,1.1,-1.1,11,-11,
ncaab,2025-03-29T02:00:00.000Z,MICH @ AUB,,custom,game,-139,18.5,win,2.5,1.7986,25,17.9856,
ncaab,2025-03-29T02:28:00.000Z,PUR @ HOU,HOU -8.5 -110,spread_home,game,-110,-8.5,loss,1.1,-1.1,11,-11,
seriea,2025-03-29T19:45:00.000Z,ROM @ LEC,ROM -130,ml_away,game,-130,-130,win,3.3,2.5385,33,25.3846,
ncaab,2025-03-30T21:05:00.000Z,MSU @ AUB,AUB -5.5 -110,spread_home,game,-110,-5.5,win,3.5,3.1818,35,31.8182,
seriea,2025-03-31T18:45:00.000Z,TOR @ LAZ,LAZ -120,ml_home,game,-120,-120,loss,2.4,-2.4,24,-24,
ncaab,2025-03-31T19:00:00.000Z,UTAH @ BUT,UTAH -160,ml_away,game,-160,-160,loss,3.2,-3.2,32,-32,
mlb,2025-04-01T01:40:00.000Z,DET @ SEA,,custom,game,-141,4.5,loss,3.5,-3.5,35,-35,
ncaab,2020-11-28T20:00:00.000Z,SELA @ UAB,,custom,game,125,-110,win,2,2.5,20,25,
